coupon_id,item_id
917,68
808,70
880,76
743,35
705,77
161,81
871,96
132,73
370,57
840,36
690,33
203,44
447,49
871,37
309,10
689,34
140,50
163,80
651,84
954,80
165,61
321,55
621,64
849,46
406,19
889,57
267,65
318,19
370,71
692,73
418,89
763,76
886,79
285,53
407,69
469,20
491,59
151,64
844,93
795,64
667,40
437,86
620,76
209,95
774,30
102,80
750,82
459,68
118,88
923,94
675,46
650,17
309,77
319,62
498,32
408,65
903,30
141,46
208,82
173,28
385,45
374,24
548,23
498,99
457,50
423,33
661,76
471,50
950,35
543,36
780,84
148,22
940,33
662,57
282,60
769,64
326,81
444,44
220,47
227,35
288,24
936,13
753,29
666,42
598,72
192,24
870,72
416,40
775,68
261,66
109,77
164,54
845,22
723,73
960,59
920,22
511,62
552,28
259,40
983,83
632,39
107,54
244,41
860,99
156,19
744,98
301,94
658,45
874,26
964,72
179,22
482,81
960,15
803,74
258,56
294,52
916,63
728,45
484,13
406,22
996,82
951,27
954,96
923,43
349,53
308,66
417,17
959,29
715,31
211,14
891,35
342,53
870,73
623,69
327,98
880,45
285,27
470,41
221,72
522,54
725,35
569,14
616,95
208,86
770,16
663,43
430,77
182,74
821,96
983,75
570,66
377,34
681,62
526,14
924,55
346,68
387,20
875,64
532,37
293,50
496,35
343,58
947,20
907,99
176,15
248,34
711,15
879,19
362,39
171,96
780,85
824,96
665,18
176,95
499,65
983,60
740,50
945,57
493,61
216,37
949,16
138,12
543,66
861,84
494,63
950,23
602,21
141,47
315,17
658,16
701,37
280,21
487,30
621,45
993,11
532,63
388,29
343,29
894,59
943,79
820,74
849,43
200,28
454,15
398,99
272,71
441,18
228,31
663,96
791,34
721,67
627,98
447,30
988,81
599,72
423,52
564,55
383,27
546,42
694,75
267,79
878,80
724,73
868,51
905,45
987,86
167,48
454,77
613,16
169,17
167,87
736,15
855,13
160,37
432,66
411,64
494,19
656,85
263,29
285,25
321,46
216,88
391,27
866,39
891,81
123,23
169,60
340,72
242,64
271,49
333,35
156,87
313,58
377,89
710,12
911,42
665,21
693,95
800,13
297,97
636,61
362,27
516,53
824,13
264,33
948,99
336,70
683,56
362,14
845,30
626,23
724,57
282,56
574,18
159,78
679,83
132,93
307,32
419,74
667,37
111,65
510,90
258,19
947,79
502,33
826,63
824,28
701,41
598,51
408,39
470,16
874,73
590,96
811,56
761,82
960,41
845,60
176,78
882,16
630,84
590,77
778,66
694,69
911,72
164,55
911,63
563,43
146,67
382,33
581,26
182,38
408,59
556,89
731,52
857,48
776,52
318,54
750,32
266,88
762,48
804,36
179,38
150,20
769,86
797,42
848,19
709,91
126,21
645,11
640,33
534,82
626,98
150,46
932,10
756,90
388,31
847,74
289,38
807,61
532,19
191,24
700,38
489,80
184,13
884,89
904,89
536,31
242,34
100,51
112,83
975,45
308,14
389,78
746,42
579,67
328,58
349,89
518,66
685,14
295,30
529,21
859,51
413,91
848,16
655,78
437,25
382,95
984,22
517,70
452,15
446,31
419,93
623,49
146,43
729,52
716,38
102,43
827,34
666,77
722,31
216,25
372,55
623,59
874,39
186,58
715,89
872,96
730,45
646,32
976,74
514,33
524,98
403,58
729,15
452,32
640,78
323,97
409,53
582,41
239,39
740,68
961,75
723,14
711,71
762,59
683,92
609,98
938,23
869,39
338,30
931,56
946,77
726,80
691,95
313,30
222,47
721,12
372,10
490,94
268,54
699,33
428,67
720,47
918,16
911,89
597,95
954,27
848,40
268,67
775,94
687,41
412,22
799,20
337,15
495,56
523,77
132,79
307,20
655,79
211,87
503,11
300,91
943,99
115,40
681,32
227,71
319,59
936,28
392,27
435,13
921,94
684,28
814,32
438,21
660,21
390,37
949,42
563,11
913,89
196,17
606,52
725,26
530,39
674,12
721,55
996,63
222,89
942,22
563,92
616,51
823,86
424,77
455,35
607,86
916,51
503,50
499,54
674,72
707,58
625,43
344,78
295,82
918,56
668,31
112,64
810,14
834,19
975,33
452,29
577,27
754,58
129,49
376,36
114,13
382,93
981,87
220,56
494,38
652,72
256,79
271,17
757,79
902,15
158,99
716,80
147,31
718,48
880,31
341,77
459,36
975,36
337,92
908,57
262,22
458,77
299,80
395,68
540,96
482,58
634,28
363,83
306,31
731,38
939,33
765,22
206,35
639,99
639,93
392,46
589,99
936,12
588,10
337,83
611,44
142,67
920,82
123,72
416,18
974,92
157,58
416,28
852,88
348,87
427,20
901,59
868,27
730,79
815,54
432,58
253,38
449,25
930,51
225,66
767,69
673,87
314,25
942,15
239,25
298,71
129,23
616,90
925,15
608,84
313,63
828,76
341,49
614,81
450,18
537,97
310,58
211,92
584,27
954,61
265,53
348,19
843,12
222,91
810,88
539,97
286,45
135,22
530,54
767,52
577,32
782,31
597,52
497,37
988,91
906,77
711,37
183,66
536,48
258,67
628,92
388,94
665,63
977,20
847,65
269,68
620,82
362,12
512,32
896,57
935,67
648,77
788,70
772,19
751,95
396,53
897,61
584,39
765,84
888,14
462,53
793,81
831,32
725,72
943,91
195,57
906,28
153,36
636,19
470,86
780,73
941,21
769,36
378,18
747,26
271,27
944,60
412,83
672,61
981,99
175,34
976,19
952,34
942,42
522,11
216,74
157,28
177,91
445,81
324,59
753,32
233,67
694,90
630,35
944,57
499,21
602,42
529,13
202,99
887,22
612,41
753,18
102,35
568,15
696,53
639,23
204,14
980,78
119,28
717,78
619,88
464,30
885,22
427,52
906,10
865,57
779,63
852,87
848,67
579,57
582,57
802,54
185,68
977,55
548,56
224,12
135,57
280,61
268,12
909,72
779,61
254,61
192,10
914,17
453,14
789,54
412,39
101,80
242,72
171,45
782,88
919,24
739,19
439,85
972,18
302,75
310,53
348,82
844,10
976,53
104,97
340,31
259,85
696,71
263,87
718,25
497,73
235,47
194,74
906,89
463,47
238,40
958,76
552,69
258,17
757,39
334,29
370,72
772,52
172,87
224,56
494,29
959,97
533,16
442,36
850,98
263,71
500,11
446,15
844,46
781,32
194,30
587,31
526,28
525,22
769,69
639,36
838,35
392,54
505,55
790,55
744,60
909,92
886,18
834,71
809,18
596,37
702,28
667,77
271,79
974,47
708,81
694,56
217,59
133,89
907,20
702,17
167,50
682,32
979,79
113,25
887,77
660,39
841,62
869,17
806,42
410,31
759,65
737,83
524,71
694,55
950,27
508,96
832,12
353,99
322,35
403,71
686,78
855,55
432,57
967,99
219,75
477,44
743,42
349,45
483,72
197,48
491,24
595,69
313,27
511,36
465,22
152,73
893,67
558,98
488,63
890,31
414,70
759,76
866,96
126,69
250,95
346,12
230,33
782,42
755,75
176,73
193,62
951,18
766,44
248,59
318,11
521,49
201,33
768,58
953,74
159,23
446,31
116,23
669,18
547,65
170,11
131,62
729,22
156,78
398,87
993,23
930,14
155,67
490,26
469,32
297,39
315,54
800,94
906,16
941,41
664,24
378,54
139,27
211,21
726,66
362,98
872,88
177,46
537,12
726,65
592,31
953,88
499,26
841,26
774,85
167,65
894,27
994,15
299,77
665,48
148,51
233,37
105,61
517,86
835,88
512,73
459,78
213,99
114,19
661,42
837,50
768,94
581,79
801,22
830,13
268,82
944,42
424,22
884,65
657,27
676,25
995,37
904,98
762,34
287,76
838,94
407,41
666,80
825,10
792,59
912,54
817,33
426,72
236,49
955,53
970,81
420,52
870,35
780,99
474,13
209,17
892,87
440,47
169,21
746,85
152,78
567,41
801,47
375,90
794,76
279,68
919,29
931,95
595,48
768,59
246,31
150,25
707,71
570,83
432,45
441,69
278,47
679,68
378,60
791,36
205,77
580,24
881,78
377,56
917,19
382,54
827,45
925,45
697,74
942,41
773,79
994,82
606,80
880,70
798,13
568,19
439,30
537,45
713,46
710,34
608,72
328,88
211,54
675,89
120,85
729,83
126,55
333,95
516,51
417,23
838,89
275,95
940,77
748,20
426,42
277,87
137,10
621,82
776,85
576,94
905,93
763,57
781,50
548,71
607,33
462,45
990,13
122,74
887,90
162,36
728,54
383,65
444,46
612,35
468,44
384,38
810,43
537,42
619,67
929,85
196,57
482,31
369,63
488,15
513,81
459,56
274,34
946,18
474,19
617,67
462,50
831,31
584,33
548,63
897,24
714,73
914,58
756,88
492,95
873,11
902,91
673,86
972,57
261,74
883,30
736,24
668,84
748,76
141,57
478,58
998,67
951,90
140,90
122,55
892,71
245,28
842,38
124,21
914,47
948,51
802,33
950,11
319,55
698,95
186,57
203,39
836,50
250,81
537,21
850,99
496,15
689,95
559,11
379,22
811,86
440,39
335,90
475,45
115,40
819,21
810,14
999,31
901,22
456,18
660,33
522,81
772,27
726,22
665,30
317,36
359,82
610,56
796,32
783,27
268,46
632,54
841,72
265,97
624,40
960,75
906,95
188,58
536,88
589,60
354,23
398,18
232,51
729,25
524,96
393,31
264,24
373,75
849,34
351,48
601,41
727,41
137,86
315,69
660,14
555,71
482,53
882,34
893,60
784,96
328,49
802,65
925,53
964,24
115,75
301,31
183,15
885,72
877,96
353,20
800,48
749,89
692,73
227,38
971,66
613,96
558,90
504,60
143,71
863,61
509,83
228,26
861,27
780,41
861,32
213,46
307,30
557,85
659,70
120,34
250,33
254,89
953,72
442,41
976,13
199,86
830,51
215,57
933,81
981,55
680,78
239,84
928,10
447,14
812,72
654,32
554,54
954,38
204,75
458,84
216,22
964,50
450,35
583,53
346,58
133,67
884,57
241,14
402,32
160,57
683,26
255,52
288,16
769,99
900,18
172,75
720,31
811,41
116,77
682,22
910,59
722,98
967,11
395,71
214,42
594,46
667,96
635,77
584,39
605,26
357,94
311,61
815,71
533,26
131,10
852,78
547,13
359,44
171,40
943,13
235,18
845,67
808,68
372,38
768,61
311,20
803,74
621,94
798,48
585,12
404,87
265,36
352,19
933,82
850,76
351,26
452,44
878,95
764,73
537,85
971,50
310,56
538,61
647,95
147,51
524,89
842,69
536,84
272,69
373,79
278,75
284,81
857,36
600,27
966,71
912,31
453,21
420,67
120,42
327,79
127,41
694,35
171,52
329,95
811,65
117,25
143,16
225,54
719,39
440,74
302,28
519,15
179,31
983,34
833,76
342,91
755,22
616,27
628,17
486,34
808,22
105,71
877,50
736,94
102,54
869,43
938,90
928,49
664,86
913,12
773,23
662,15
430,63
727,60
472,68
124,78
227,72
590,10
720,32
977,68
825,16
137,63
699,55
165,10
748,77
123,60
376,56
527,69
655,32
773,16
378,50
422,31
901,65
715,65
340,22
984,29
793,48
558,62
562,49
146,68
614,11
309,23
115,93
670,63
790,20
650,18
122,21
920,36
605,41
283,20
680,20
155,60
559,27
174,35
239,95
298,66
763,44
782,66
128,90
464,62
151,26
314,61
375,50
670,35
397,95
453,22
424,40
323,78
391,95
660,85
766,36
892,98
259,21
618,74
423,36
178,97
597,69
197,32
980,85
244,63
720,26
421,87
952,95
770,12
806,79
759,37
618,43
166,26
370,64
884,90
245,16
406,79
776,57
189,48
542,17
182,13
208,82
325,25
942,19
194,71
664,60
475,56
538,78
448,75
180,49
689,86
883,71
781,81
770,57
317,69
349,91
170,54
475,33
714,42
533,34
633,87
926,87
189,20
467,66
103,97
531,13
941,79
952,47
917,59
415,67
417,45
816,98
877,90
906,25
111,26
749,83
704,69
774,10
423,46
985,25
717,75
900,40
411,27
820,41
501,98
516,23
726,73
751,44
233,41
170,80
379,31
461,60
774,77
932,10
449,77
916,92
124,39
607,81
246,89
918,60
189,35
461,92
148,28
360,31
477,77
843,51
119,15
890,97
164,60
231,35
146,61
246,57
655,23
730,93
250,81
526,42
392,45
472,27
140,48
148,75
516,75
212,39
404,62
855,29
871,13
565,63
474,11
236,96
324,66
704,91
805,77
360,77
390,20
868,79
858,55
162,80
729,45
271,18
188,91
882,64
464,73
810,93
211,42
568,27
961,85
306,52
801,46
458,45
387,65
878,39
584,27
657,54
962,47
951,12
448,38
841,33
995,39
965,99
804,12
912,96
481,29
135,12
873,25
799,95
909,33
768,52
207,18
333,71
614,43
406,54
593,18
265,44
250,22
109,19
134,30
226,18
209,15
140,23
439,45
856,23
559,17
585,74
793,60
172,99
579,48
548,32
768,90
396,51
598,33
230,98
318,28
333,36
236,49
700,81
482,19
632,61
202,68
888,78
812,70
820,10
793,12
796,56
717,19
577,89
421,50
346,60
308,93
708,53
898,71
667,66
867,34
732,63
881,69
945,28
488,64
545,11
899,52
174,73
563,61
918,43
634,45
579,22
239,30
348,35
546,80
996,63
863,40
252,69
222,62
940,88
863,41
638,80
794,66
798,10
711,89
751,11
627,71
727,50
473,43
572,53
792,26
981,20
684,65
903,66
813,84
139,21
384,36
846,15
387,56
136,90
230,28
516,27
312,26
801,55
416,88
213,44
952,36
544,87
466,35
310,80
877,25
196,54
830,17
466,81
622,66
162,77
594,68
973,38
541,86
970,25
683,30
431,29
263,79
507,78
431,47
850,80
192,67
934,24
166,61
866,99
573,82
503,61
720,39
716,40
855,82
168,55
154,28
687,34
800,63
412,94
106,61
826,81
193,30
464,22
126,65
303,10
948,80
157,56
880,17
906,98
310,30
735,12
730,43
196,11
687,97
328,73
185,62
971,97
264,87
860,37
441,59
145,58
299,49
983,53
691,35
131,38
701,93
459,89
835,61
357,75
501,57
935,73
800,75
822,59
692,53
194,82
940,98
591,83
617,44
650,81
390,42
397,53
837,51
330,80
548,14
264,73
867,43
126,27
935,24
834,55
548,99
769,79
495,90
216,86
404,10
657,60
934,92
951,68
424,28
384,58
538,76
602,89
922,61
225,62
916,47
547,48
140,93
404,81
204,74
808,26
907,45
137,75
275,97
498,63
396,58
819,70
510,84
126,68
787,79
325,47
181,78
887,79
338,25
577,24
961,46
775,40
250,63
186,42
324,49
339,54
125,62
633,38
314,34
664,20
698,60
672,22
206,28
911,93
959,34
521,80
681,39
902,70
132,80
488,39
544,19
780,30
649,44
784,66
233,42
688,77
769,73
521,47
701,24
834,43
962,80
164,20
437,96
321,18
446,66
539,34
166,33
790,94
329,40
583,20
152,21
633,87
349,50
769,14
212,32
651,25
632,96
639,19
726,67
903,69
437,43
655,86
144,45
626,14
494,72
601,80
522,81
625,88
328,82
526,89
949,42
847,46
192,59
360,94
576,32
817,40
705,98
854,18
357,74
100,30
250,57
234,29
541,37
534,88
644,65
757,52
225,79
142,44
655,33
690,17
552,76
854,94
784,30
511,78
180,40
197,48
891,65
624,36
739,72
518,60
921,91
359,80
856,50
812,92
380,63
148,75
532,55
940,77
601,32
682,90
224,93
932,65
911,87
542,22
885,32
637,58
609,18
498,47
398,20
185,26
993,34
292,27
381,40
325,35
186,66
614,39
110,99
258,12
997,96
992,79
669,61
643,85
507,11
565,80
474,14
803,80
899,22
229,88
616,15
328,55
831,77
892,57
720,92
107,70
394,29
586,64
280,34
429,27
459,76
296,41
331,24
449,41
201,29
428,32
437,94
448,71
498,27
914,40
677,99
487,54
814,54
252,56
774,60
166,96
130,58
509,60
609,30
681,59
538,88
146,41
667,95
992,73
705,57
228,14
290,95
655,68
938,14
745,79
856,40
413,86
145,25
872,97
111,46
892,23
225,19
546,37
671,71
794,35
781,92
477,42
738,96
868,54
742,86
585,35
825,51
183,66
716,84
575,70
177,31
661,86
174,61
500,96
524,99
658,14
664,15
186,91
396,58
141,67
418,66
999,46
233,79
112,72
839,33
975,73
667,20
506,83
732,41
718,36
460,57
443,21
151,77
141,86
735,62
693,94
240,70
823,13
986,64
322,84
166,92
843,32
973,61
227,49
973,47
578,28
950,55
345,26
797,12
601,13
297,75
376,75
819,18
347,14
604,46
276,36
803,53
827,70
101,50
804,10
493,55
499,83
940,70
172,63
734,59
374,23
728,76
650,29
809,62
445,79
840,30
435,37
910,29
372,81
117,98
459,18
222,50
849,58
105,40
775,31
210,73
652,87
771,10
293,83
965,39
504,50
360,23
897,89
261,40
651,31
991,31
318,97
525,91
973,90
398,72
951,22
608,16
857,32
985,48
454,19
376,53
326,66
479,34
164,28
746,76
935,54
445,55
543,13
600,95
461,26
495,64
796,20
712,65
351,61
204,78
110,78
366,25
323,96
379,10
200,60
127,44
836,79
652,75
680,91
748,14
470,42
681,10
544,50
127,62
844,12
870,45
119,90
989,17
514,72
123,90
792,29
272,67
314,99
651,26
818,28
476,73
990,78
269,36
750,21
224,21
425,52
704,32
537,63
735,68
262,76
176,48
705,92
672,69
459,27
682,63
577,95
962,78
375,77
333,36
265,78
706,28
447,43
735,94
772,60
425,48
107,92
600,88
188,35
792,15
902,73
893,15
140,89
842,27
324,59
352,47
473,51
635,79
428,98
715,31
332,49
998,31
850,98
882,65
149,48
108,95
194,86
993,52
835,96
718,71
142,74
929,43
137,32
952,45
149,24
856,34
595,32
512,56
840,99
366,34
227,66
453,68
268,60
887,97
454,68
296,57
450,11
659,86
896,28
542,13
465,94
336,57
992,45
581,85
551,45
617,31
442,31
327,95
424,65
567,96
757,35
672,32
601,44
342,99
974,17
188,43
404,64
976,37
666,61
999,29
849,45
711,53
167,31
636,46
541,37
456,19
958,70
291,58
491,93
798,41
317,49
273,59
479,80
835,78
731,33
292,76
568,97
701,93
385,82
285,76
671,12
642,57
937,17
768,79
364,53
920,73
584,71
620,99
339,74
350,90
189,31
817,77
499,10
555,12
466,58
135,90
335,46
697,44
391,45
325,91
516,79
209,35
913,98
705,17
474,25
648,20
100,87
404,58
267,44
982,11
958,13
331,64
187,97
274,87
324,42
157,43
237,92
919,75
296,31
809,62
246,35
715,90
184,45
297,41
756,79
729,39
628,39
809,29
243,12
165,67
762,19
182,87
131,31
868,18
894,19
786,63
577,36
334,98
323,75
963,69
407,67
466,89
811,33
170,84
937,36
703,99
231,50
710,94
669,18
853,94
941,94
215,61
396,32
805,21
269,77
849,79
839,85
306,18
971,53
420,50
934,35
430,65
140,39
369,66
398,71
793,19
584,55
148,85
207,16
442,97
670,34
803,59
259,74
737,37
391,84
827,64
221,11
767,75
108,24
303,75
570,43
511,97
882,94
110,27
310,52
511,38
296,70
683,42
930,72
422,28
836,41
915,25
341,85
248,52
797,19
802,52
142,16
481,52
823,64
501,83
390,56
583,70
253,39
376,44
501,30
482,85
525,66
278,82
452,49
102,66
679,34
406,34
569,69
669,48
808,33
461,36
339,30
687,62
769,23
818,20
516,75
966,77
129,65
189,79
198,76
335,10
276,53
417,87
391,13
779,65
332,71
154,37
283,18
484,70
672,29
900,15
849,28
488,95
476,30
637,98
681,91
242,68
569,79
737,10
150,41
368,89
568,96
974,79
417,79
622,17
158,59
679,95
657,51
848,37
797,28
968,46
428,58
572,26
725,63
586,85
195,16
833,69
854,72
309,83
123,90
598,18
340,79
758,84
399,49
282,29
802,61
889,70
165,78
346,80
521,22
900,82
970,98
759,59
403,49
409,34
249,24
118,80
617,91
248,19
322,28
540,18
583,92
262,88
563,78
496,18
498,88
336,35
967,53
805,56
279,22
383,65
944,60
744,94
766,12
670,23
538,66
502,17
683,18
754,62
306,17
331,70
350,58
548,17
609,62
215,41
860,51
578,95
857,74
888,78
816,91
318,76
374,20
316,68
984,83
431,15
250,90
116,64
897,15
175,18
431,40
479,48
464,31
687,80
694,98
926,57
681,43
282,61
270,61
106,22
929,35
152,45
718,29
123,74
624,56
486,51
640,91
636,65
426,22
648,54
697,15
822,84
830,52
964,98
247,44
186,81
731,27
236,26
853,41
412,30
177,73
462,97
389,61
424,67
365,80
372,91
666,49
409,90
437,33
239,71
303,96
732,42
130,98
166,14
194,37
252,47
512,78
233,76
181,21
265,99
883,78
464,28
771,89
535,42
443,60
331,83
188,39
739,96
215,84
597,25
749,58
978,94
241,34
484,23
780,45
498,65
825,64
271,88
625,62
342,43
462,25
524,54
705,80
916,76
679,41
529,92
358,51
658,78
126,63
203,22
318,15
778,48
918,10
580,46
935,95
302,34
907,76
428,20
973,30
975,19
528,68
137,58
112,73
455,76
875,18
353,42
398,90
695,23
564,22
887,62
763,94
544,67
782,99
188,97
862,24
848,17
817,50
845,36
987,77
689,81
296,39
658,33
485,77
219,86
913,57
356,69
806,11
489,33
981,89
707,76
638,54
153,25
631,93
782,87
950,79
304,92
674,23
529,54
306,93
471,89
385,83
727,97
845,48
518,98
628,13
817,76
630,93
162,29
563,29
788,25
590,65
685,27
994,16
370,42
586,18
499,70
850,77
725,86
269,86
514,19
246,65
956,38
903,37
528,13
354,47
140,75
693,72
484,47
197,58
644,79
999,42
508,80
168,76
544,45
591,84
733,84
610,34
370,68
838,50
450,18
670,82
931,32
865,18
899,84
688,78
820,48
310,67
664,31
832,18
369,31
115,95
924,22
572,82
723,13
207,56
448,39
218,43
737,76
121,77
724,67
357,28
624,52
773,67
356,86
843,93
445,40
265,60
204,12
923,52
920,12
670,98
958,48
343,79
142,64
211,53
962,51
464,38
914,83
315,54
932,71
941,99
189,55
348,20
256,60
712,84
119,96
984,25
167,65
315,99
504,41
304,71
594,23
778,47
578,89
546,27
948,83
776,54
808,15
264,56
385,53
893,80
953,30
771,13
884,17
579,21
778,86
922,28
549,56
177,53
525,13
251,34
260,37
452,83
148,78
149,73
207,86
636,99
463,18
612,69
568,83
916,55
598,72
147,53
636,43
178,38
110,31
100,26
524,91
270,68
728,49
363,72
996,52
321,90
153,41
524,66
131,66
798,74
958,69
460,12
273,82
320,48
983,89
365,80
662,92
645,51
640,39
123,95
822,58
691,48
824,76
654,98
883,68
408,29
102,93
660,64
672,47
625,29
410,99
862,56
638,88
249,84
289,79
401,32
222,51
517,12
550,14
208,11
830,50
274,55
876,19
960,78
187,96
180,96
899,43
715,62
871,46
589,55
833,90
829,62
119,45
620,48
963,98
572,85
884,65
854,37
537,70
801,30
204,52
827,20
667,94
813,62
608,39
479,88
423,89
628,41
932,81
940,25
621,30
203,83
416,46
639,55
297,63
361,58
914,85
929,49
222,65
899,98
310,40
620,23
995,40
188,53
670,92
261,90
684,69
990,59
331,80
139,50
967,52
795,47
112,13
162,38
680,30
931,57
954,37
471,51
598,77
326,14
617,58
158,96
888,42
179,88
790,20
476,17
436,77
182,15
719,81
101,41
452,24
977,63
358,76
462,99
486,54
277,79
188,60
285,14
610,76
380,21
992,86
790,48
384,53
917,64
984,39
136,49
226,60
825,90
195,52
269,94
473,36
339,79
146,13
134,34
568,43
401,17
707,96
358,72
605,81
478,66
630,11
689,15
966,59
219,85
591,13
779,86
589,86
173,86
433,73
420,57
710,76
529,59
850,34
491,82
673,53
424,79
959,77
192,92
700,31
873,47
263,67
944,36
354,72
529,63
733,78
631,28
745,43
198,62
722,48
290,57
591,11
231,75
746,35
810,74
595,19
505,34
457,16
156,30
485,42
204,27
315,69
734,31
224,88
131,30
638,28
932,36
853,36
950,65
325,81
985,54
951,80
949,17
604,79
882,98
591,25
547,43
644,57
310,39
500,82
980,73
437,85
593,71
588,92
597,78
566,42
326,68
773,56
302,56
130,55
726,17
559,22
273,24
945,58
241,46
909,81
961,13
170,28
539,19
161,80
698,53
469,97
688,79
525,79
428,15
600,95
782,37
118,59
857,91
594,19
369,56
892,46
327,45
798,99
692,11
233,26
395,61
933,69
165,22
408,31
588,63
787,69
981,52
483,22
324,74
669,90
778,19
981,38
121,98
494,28
382,63
752,54
364,73
338,78
507,40
979,40
536,43
877,23
927,17
522,40
606,54
515,42
780,93
717,54
184,48
996,10
486,36
562,69
824,92
865,90
872,93
915,91
648,27
563,96
515,37
561,11
215,26
535,33
253,74
747,73
294,24
885,71
211,54
934,60
537,24
459,18
106,15
174,75
538,81
314,36
920,44
439,60
919,37
607,72
666,24
654,42
108,27
529,37
888,55
134,43
889,42
838,70
366,64
995,14
782,24
657,18
953,27
866,60
396,17
907,94
564,69
834,77
771,87
937,48
839,53
540,69
219,46
810,97
480,56
907,33
359,50
385,85
306,54
175,74
673,36
507,84
681,89
242,71
809,86
484,89
763,59
635,11
153,67
441,14
996,29
606,53
581,10
829,30
473,41
435,65
652,54
913,29
910,67
823,68
458,34
969,66
628,84
313,12
472,40
189,93
311,88
663,45
316,97
456,93
236,59
516,21
140,56
531,60
441,41
449,22
957,21
308,18
267,95
711,90
805,97
259,98
553,12
196,75
843,89
588,33
315,23
467,80
401,47
667,93
217,70
493,29
313,98
894,22
456,34
873,44
102,86
581,39
493,28
255,67
283,11
958,63
931,74
520,55
239,61
675,44
902,11
331,74
882,90
234,30
950,53
921,51
769,13
516,46
378,56
631,14
366,23
784,32
366,69
762,47
555,89
747,88
387,65
745,40
172,38
105,19
630,72
355,97
669,94
910,97
574,87
663,12
529,80
764,73
687,50
152,26
323,32
625,62
427,30
429,36
597,73
765,32
943,57
391,13
514,63
599,10
254,62
115,89
584,57
132,86
513,78
162,26
690,37
166,77
536,45
929,86
580,46
352,30
972,45
766,50
982,62
426,84
186,43
642,28
826,25
191,14
437,29
922,95
169,29
188,11
514,45
696,66
250,19
234,19
134,96
704,78
232,91
672,21
998,93
800,55
504,49
127,13
146,44
372,81
322,64
577,17
604,50
814,61
724,41
600,40
581,46
190,30
127,93
935,46
254,53
647,36
504,39
782,35
564,39
578,34
261,24
268,49
800,89
355,11
118,43
332,61
145,78
142,45
212,88
685,95
138,25
379,50
614,38
862,36
576,50
360,37
666,26
373,63
883,21
501,39
693,85
760,73
379,69
615,10
610,95
303,76
551,74
439,69
818,41
702,94
171,82
689,84
771,57
504,65
131,37
831,97
391,63
759,42
572,59
140,34
588,12
424,17
687,72
485,99
204,11
969,72
149,47
262,92
626,14
476,12
676,85
129,74
467,78
948,76
716,97
233,85
656,79
401,58
768,19
463,47
537,21
858,60
794,62
743,22
415,62
723,33
379,96
568,53
471,91
996,40
608,89
494,28
731,88
329,95
145,85
882,46
341,33
225,63
246,25
480,30
631,64
332,48
172,62
415,63
988,59
597,39
289,13
824,25
391,80
965,39
102,69
650,92
586,64
309,47
888,73
798,89
169,48
388,54
181,42
514,51
426,50
148,81
947,16
969,53
456,86
483,37
801,36
431,25
984,18
453,19
204,29
499,25
556,53
615,53
304,28
410,31
252,20
415,96
851,76
286,50
278,38
154,20
757,94
220,13
713,12
773,92
721,51
643,93
651,10
770,90
380,39
912,46
177,18
274,19
370,40
693,54
307,77
608,93
609,24
200,39
149,77
517,96
178,91
537,69
758,95
131,43
291,38
307,72
876,36
721,31
328,47
486,19
122,80
126,50
366,19
865,65
326,37
603,63
228,72
125,25
813,22
630,61
122,54
370,29
328,89
536,90
918,16
559,26
874,81
345,69
451,95
382,58
546,28
883,53
507,52
555,57
687,69
831,14
678,92
881,89
462,96
761,99
600,73
282,73
458,66
671,85
935,31
710,45
356,72
987,10
804,10
151,77
303,40
534,83
237,98
416,63
204,95
942,18
652,93
530,78
293,62
880,78
514,12
424,15
385,75
483,43
483,60
394,91
290,85
156,63
400,65
761,53
374,40
921,62
165,73
976,81
805,94
450,14
201,41
518,78
896,41
183,69
897,55
531,79
651,75
750,86
538,38
160,61
574,23
350,61
817,61
699,47
577,95
804,97
781,90
405,71
778,69
238,73
135,30
514,99
843,24
912,43
158,91
806,68
643,93
777,26
835,72
714,90
470,82
227,24
890,74
558,61
252,24
476,58
506,42
372,10
395,29
556,12
233,30
994,54
555,76
426,64
160,99
980,95
671,96
487,26
492,55
459,21
224,57
570,78
311,73
797,85
317,68
411,70
118,55
119,21
112,42
133,93
426,76
768,51
938,81
799,96
989,76
208,86
614,40
876,35
426,19
461,80
148,56
800,36
196,87
721,10
122,65
962,28
714,85
917,16
518,56
657,15
929,46
108,95
934,40
595,99
970,10
222,78
310,66
880,14
497,63
788,16
942,33
910,21
861,62
870,25
601,78
246,81
413,22
227,34
924,49
600,60
136,64
449,56
114,76
491,49
399,88
537,36
417,13
168,36
874,25
928,36
857,21
832,92
768,86
386,59
140,73
445,65
206,32
309,88
854,83
195,53
955,91
722,15
506,27
419,10
971,19
760,65
256,50
585,46
170,92
696,74
525,99
197,53
101,76
179,53
442,68
909,98
357,16
157,92
782,34
697,14
847,96
303,63
452,24
309,47
287,93
347,45
562,71
361,75
240,53
617,96
995,28
438,86
986,27
850,61
748,65
941,76
596,13
203,64
975,42
998,95
714,51
162,70
567,61
784,94
575,78
300,27
538,10
358,64
727,81
735,20
245,46
945,83
219,41
791,10
181,99
172,52
719,82
853,62
734,96
525,49
384,96
188,31
613,78
522,38
591,26
209,31
276,51
578,41
180,12
698,64
313,19
603,47
108,12
371,47
572,14
933,80
524,87
434,36
441,40
701,38
672,70
199,28
288,57
762,98
394,22
954,98
206,27
163,50
398,78
873,26
476,42
514,54
108,72
851,77
175,28
933,36
810,23
305,42
817,54
708,34
489,50
855,98
954,27
589,56
828,11
458,65
119,33
433,85
108,96
339,84
314,86
490,34
366,68
688,22
774,92
837,89
545,63
429,89
427,10
183,94
553,57
655,92
682,31
406,25
244,91
778,27
767,49
733,53
463,83
645,29
612,82
197,56
740,78
687,94
952,77
436,99
222,18
904,50
481,21
212,68
115,34
596,62
878,50
462,91
202,94
993,66
216,51
437,23
561,92
983,17
705,51
783,81
255,18
348,34
836,63
620,36
537,74
990,40
185,68
562,62
140,51
834,11
912,68
470,86
317,99
701,72
996,71
809,78
466,95
985,85
218,29
568,10
204,34
604,43
445,69
606,16
566,11
854,77
579,26
879,48
231,16
196,80
247,40
680,39
597,40
500,80
483,11
504,41
614,18
699,32
803,59
864,65
196,33
687,65
121,63
396,62
628,82
423,81
605,52
891,53
128,87
448,79
684,79
332,85
630,26
437,23
982,99
313,79
119,22
120,18
879,94
391,60
715,90
216,96
800,71
521,63
240,45
963,64
511,43
601,99
445,54
716,97
280,26
486,89
692,50
808,56
653,66
562,33
534,81
687,77
632,52
421,43
204,34
671,73
690,25
264,93
458,68
584,29
751,11
853,10
311,35
430,28
895,29
368,67
698,14
455,63
310,83
431,17
795,34
994,80
306,56
380,92
474,97
757,26
502,27
736,10
916,47
126,50
373,77
651,95
412,50
587,38
469,55
931,88
722,60
947,34
215,59
357,70
109,69
445,86
531,79
452,97
577,55
149,92
144,34
460,45
375,13
234,93
946,11
838,42
166,33
545,91
436,75
627,77
142,62
272,61
252,40
573,38
916,28
167,65
526,25
229,55
203,22
108,93
623,85
452,91
689,45
871,42
417,79
156,17
612,18
801,43
568,47
371,60
929,91
994,12
368,90
838,75
527,65
795,25
430,85
208,87
896,11
451,18
746,54
847,29
754,29
322,24
716,39
681,44
358,30
470,58
102,49
992,88
449,89
890,13
337,41
596,44
305,60
846,91
299,13
992,24
163,71
504,92
780,23
928,93
797,66
945,30
141,36
213,77
155,80
892,51
856,61
419,10
421,89
396,19
158,75
496,85
366,71
583,60
326,27
326,80
947,77
588,12
332,79
460,50
588,73
512,76
395,92
282,26
615,97
806,86
686,11
551,56
896,27
516,76
900,36
865,48
954,40
325,29
749,75
617,96
780,95
646,68
382,26
514,77
728,36
621,27
900,20
878,37
978,98
144,67
291,80
320,85
633,61
761,53
777,77
734,26
954,36
362,55
733,67
809,79
942,83
790,72
375,87
832,50
844,83
417,17
841,16
310,89
537,67
948,47
689,10
510,74
169,20
418,98
972,52
134,85
594,84
979,71
376,95
582,60
517,20
916,88
182,49
971,15
505,33
471,59
411,49
106,14
639,21
328,74
486,19
953,43
549,20
502,29
893,89
101,22
175,20
560,81
505,81
278,94
119,47
923,10
818,86
216,23
246,33
927,80
901,65
260,38
334,52
565,13
856,64
760,28
655,83
419,68
124,63
481,39
153,18
300,22
490,42
301,75
278,63
528,55
457,70
499,20
768,13
766,71
729,91
781,81
823,40
451,87
883,69
196,48
426,50
347,60
318,74
291,13
322,99
168,56
117,39
233,12
110,59
583,37
345,24
250,57
887,98
207,27
718,30
618,58
676,23
462,27
173,15
296,16
665,82
157,81
213,73
808,66
641,70
601,22
963,33
586,28
641,84
952,99
175,20
159,72
714,25
235,88
213,12
551,41
332,56
801,73
866,34
550,12
280,23
566,56
993,33
759,67
440,29
267,22
102,37
281,53
384,71
377,47
765,40
514,59
989,78
676,35
753,94
843,16
773,71
666,64
142,34
167,33
813,79
204,63
774,71
569,60
247,20
624,18
782,35
143,24
798,94
756,77
788,39
486,91
485,73
962,77
646,49
712,88
171,42
265,64
860,25
300,83
485,42
846,70
577,41
789,43
766,76
725,58
104,75
341,31
246,42
921,83
451,14
233,85
519,39
948,19
380,34
612,97
851,49
545,13
260,66
610,72
695,59
649,41
302,59
509,17
312,28
801,57
169,91
319,51
650,82
793,64
661,40
249,43
253,80
216,28
438,28
670,46
560,12
811,97
326,35
634,83
654,68
930,42
984,98
449,30
895,91
433,40
230,31
705,70
341,60
951,23
952,97
527,86
381,16
324,78
112,69
321,45
263,45
620,78
624,12
639,35
412,93
127,11
721,53
410,93
592,71
886,23
406,26
816,23
746,40
878,99
378,98
762,54
731,69
117,52
617,93
188,66
525,13
488,90
169,39
221,75
759,96
569,85
972,17
195,97
494,43
996,58
191,83
817,91
125,47
500,27
969,29
306,28
450,12
289,60
770,46
758,99
362,50
465,24
451,83
617,88
868,16
481,88
111,44
482,89
749,41
991,89
929,28
141,79
233,31
846,30
502,26
868,95
830,59
132,58
400,98
412,43
294,94
210,60
448,25
727,18
828,15
143,70
123,79
556,51
504,49
923,92
306,63
988,23
261,30
646,61
196,47
296,59
451,24
741,66
606,94
496,22
456,36
456,26
258,35
477,96
743,96
168,62
135,61
895,83
289,15
204,23
355,84
772,14
823,17
946,72
256,20
500,50
925,68
809,89
119,86
610,92
532,74
419,89
455,45
564,71
157,75
793,75
327,40
256,14
765,35
228,27
245,62
929,79
190,48
651,28
841,70
629,68
213,82
506,86
174,98
510,62
659,94
616,50
827,32
861,34
653,10
845,93
135,79
235,14
774,87
474,51
160,40
596,35
943,68
325,73
826,21
758,88
241,18
606,29
918,59
180,82
753,51
555,73
255,27
448,72
496,20
493,93
324,22
337,65
939,16
563,99
594,11
401,25
838,42
518,68
997,86
203,22
528,72
854,83
809,79
864,38
226,62
197,77
574,10
428,23
713,96
913,29
742,99
883,43
215,68
518,59
370,35
556,87
322,76
704,96
153,53
353,21
271,18
900,58
193,70
420,45
151,13
464,79
427,77
352,43
265,61
571,84
617,41
357,16
132,33
585,65
140,17
916,54
444,41
282,79
701,98
356,56
826,58
504,17
428,11
920,66
571,50
826,39
963,41
920,62
821,38
326,44
224,93
510,84
612,10
679,49
837,21
462,39
999,41
712,95
631,46
401,84
846,35
348,86
980,12
639,38
604,93
920,91
336,83
679,55
602,32
158,79
563,17
964,32
427,63
308,45
710,40
896,24
815,69
577,49
311,20
542,49
597,28
131,21
678,88
519,78
596,56
113,70
136,83
345,91
733,38
286,81
423,93
184,48
720,15
691,82
955,10
378,92
364,23
582,45
901,20
410,31
948,98
693,55
701,16
768,55
446,28
601,27
290,23
942,28
218,40
444,38
914,98
895,26
508,18
150,26
712,13
245,52
949,88
407,16
752,68
944,30
335,83
447,33
339,18
832,60
230,22
556,64
310,66
535,21
380,79
229,50
321,60
871,41
550,53
518,81
887,97
824,76
372,91
355,98
286,80
617,84
681,42
987,77
274,78
670,10
569,29
819,34
902,29
895,33
410,12
123,96
267,74
408,86
267,37
399,61
222,61
270,93
977,64
463,99
715,95
787,96
798,61
444,75
840,23
769,71
225,66
161,50
767,24
638,97
165,85
986,30
145,61
241,30
201,79
230,79
622,51
942,35
152,36
967,19
476,30
108,80
560,80
166,36
718,44
959,60
159,26
218,79
782,49
964,29
584,45
852,93
620,21
131,82
562,79
640,69
223,71
222,22
802,67
353,57
751,81
774,30
515,91
915,99
442,73
714,50
232,66
101,46
716,56
264,13
446,10
622,10
149,67
373,49
102,79
653,68
819,31
175,15
133,62
924,26
952,99
980,34
834,23
952,17
430,27
546,20
886,98
567,30
583,95
920,29
649,83
460,39
649,12
563,77
184,45
177,34
144,59
920,57
203,71
532,39
950,46
330,54
505,78
994,71
285,57
662,15
387,36
134,18
237,20
350,21
609,58
595,27
264,35
717,76
792,42
592,36
462,13
783,48
682,33
234,69
679,41
499,12
104,28
148,71
522,43
278,60
156,71
860,61
767,32
598,96
661,23
990,25
680,29
305,54
978,98
158,46
446,78
339,53
339,54
560,84
834,89
736,76
334,39
702,36
898,96
924,91
934,41
244,35
240,39
861,30
712,90
124,64
579,70
365,66
425,40
984,33
243,38
205,14
107,96
226,38
499,63
263,90
607,40
237,75
277,73
407,20
852,91
980,85
238,48
688,67
881,93
987,81
913,12
492,42
623,48
953,81
207,72
852,72
324,71
252,78
350,32
546,64
114,50
479,97
923,77
342,40
383,41
568,24
679,82
675,98
831,26
908,38
176,97
698,44
258,42
724,78
920,45
459,52
895,62
494,21
557,47
274,40
497,79
459,21
503,25
683,15
459,10
234,48
527,77
333,27
349,77
861,91
764,71
489,74
280,21
723,12
116,35
916,31
975,38
666,61
572,63
962,52
330,85
741,38
678,26
566,72
836,96
661,50
123,47
338,42
297,40
673,69
150,61
974,40
231,62
277,18
246,79
978,62
703,20
447,83
728,10
648,51
635,66
896,57
900,72
841,34
610,62
157,46
466,96
799,83
680,52
271,31
993,25
495,39
428,23
413,60
781,78
833,54
729,87
931,35
693,27
611,78
243,14
639,93
746,19
815,34
550,21
436,83
240,87
318,37
682,90
256,56
898,25
957,10
411,26
439,24
518,55
128,58
187,88
695,70
577,80
547,30
673,39
359,79
496,23
425,89
866,71
553,22
465,81
495,93
866,99
720,97
865,11
459,24
823,30
680,49
777,75
964,80
693,28
177,95
149,57
255,86
102,49
854,39
916,29
692,36
393,71
769,79
303,87
619,21
826,14
369,23
859,57
196,41
150,32
511,12
413,33
709,67
636,66
689,62
580,61
211,21
472,65
293,13
380,15
254,80
484,62
998,85
558,41
293,14
539,45
346,27
941,76
724,34
495,98
428,73
579,22
306,43
540,80
257,57
966,33
283,31
164,80
556,84
244,65
876,80
112,18
552,71
365,79
553,51
796,78
888,55
964,42
687,63
220,20
818,66
701,76
580,83
877,94
396,67
455,20
130,93
554,65
263,80
394,43
808,16
544,43
992,79
832,50
805,99
651,89
427,52
564,54
458,63
154,64
666,93
804,52
863,78
777,64
286,69
963,12
790,73
518,15
665,72
592,45
384,13
893,99
149,57
475,44
430,99
603,84
218,22
896,51
441,93
474,37
822,28
928,85
884,41
287,26
869,48
270,63
577,20
493,13
721,15
676,95
760,90
992,96
704,64
791,97
894,33
811,18
412,52
197,17
471,53
687,44
218,16
274,20
936,17
552,73
965,83
784,48
280,75
180,72
722,71
650,53
394,26
320,55
237,71
274,63
389,77
547,44
415,10
937,79
278,45
806,50
500,20
241,81
246,81
885,55
700,29
782,75
172,43
562,13
792,75
174,68
718,52
795,84
159,12
289,82
423,26
889,83
389,85
282,74
333,23
412,94
648,29
193,48
462,87
670,76
198,32
169,57
648,77
897,43
159,84
433,52
601,74
201,59
325,25
307,24
791,39
394,41
524,50
983,97
162,13
354,86
931,20
645,83
754,68
625,60
344,54
750,46
984,57
777,52
303,74
901,97
164,92
822,99
416,26
361,75
913,71
475,78
920,58
908,14
288,41
251,87
463,15
893,24
439,37
578,12
228,47
568,54
320,26
622,77
190,44
860,35
858,96
309,89
366,57
335,50
143,18
526,48
621,99
432,44
873,13
547,21
340,20
542,31
245,62
721,60
670,59
654,31
413,65
679,98
652,29
305,58
322,35
304,27
693,97
587,89
668,61
362,83
717,51
215,21
798,64
155,42
930,84
578,23
923,55
139,72
326,62
387,83
183,98
782,63
322,59
641,47
137,42
446,70
978,47
381,90
836,45
291,97
440,42
514,69
522,37
299,24
231,93
528,48
446,17
152,29
942,50
946,14
726,36
339,92
687,67
731,52
888,34
658,87
810,54
546,15
387,93
137,23
124,67
798,39
918,35
576,32
112,71
605,35
425,31
373,61
817,60
836,95
531,29
119,37
942,16
548,36
654,31
540,54
833,60
158,99
410,81
198,28
695,38
287,90
115,31
350,90
128,59
868,97
313,59
314,62
954,22
897,16
856,95
655,91
200,63
187,68
461,66
140,69
401,11
696,69
675,12
230,78
997,24
644,29
363,28
815,59
283,64
256,31
199,89
167,41
623,37
684,33
158,24
366,16
541,96
461,49
584,79
265,86
989,84
354,75
214,81
564,71
264,16
682,65
895,47
194,42
427,26
728,85
404,72
949,53
409,38
322,87
855,56
943,56
403,27
978,17
557,71
188,84
509,53
380,89
803,73
796,97
269,68
836,24
449,50
811,41
537,97
629,93
180,37
725,39
139,95
224,85
575,26
709,70
810,22
542,97
947,91
740,11
162,19
482,77
392,29
138,66
227,57
299,12
297,96
793,83
365,80
965,10
157,14
459,93
410,13
530,18
183,85
991,67
469,14
300,24
952,92
126,25
955,69
483,65
110,26
420,97
562,42
550,65
848,41
754,72
206,34
559,72
689,51
785,43
989,22
986,17
526,77
854,75
191,89
328,51
872,23
593,26
346,74
754,95
365,29
181,60
513,55
579,19
604,56
735,97
298,88
741,36
666,68
641,83
934,26
239,89
646,17
295,12
288,17
304,29
236,70
746,99
225,24
712,55
731,33
580,83
657,20
370,70
613,76
945,44
682,48
622,48
639,49
953,37
256,82
393,21
344,10
836,44
312,43
921,89
408,74
150,48
424,79
924,81
187,96
788,28
956,94
373,17
565,11
243,83
851,98
251,15
941,73
974,67
155,12
143,45
726,45
982,17
427,94
595,85
228,75
824,18
377,97
810,10
247,96
474,84
226,73
224,77
182,95
253,22
298,24
182,62
203,34
758,93
931,71
748,58
730,79
475,92
920,71
228,65
459,61
446,31
219,85
740,70
725,88
283,38
436,74
558,77
678,45
969,66
935,18
283,61
209,50
449,67
171,50
723,95
625,88
493,69
531,20
376,26
751,46
628,94
329,73
391,97
514,94
594,40
802,28
781,91
298,97
541,66
505,64
339,46
589,23
510,82
766,53
541,23
428,61
569,92
898,93
808,18
899,17
925,15
588,66
216,75
785,92
713,48
572,28
320,36
363,19
818,62
604,39
497,10
433,87
952,17
269,78
819,75
491,34
555,98
730,62
295,63
915,90
427,39
543,81
223,46
875,19
305,82
428,53
735,69
334,75
907,23
887,34
792,89
137,26
574,77
746,85
603,51
703,82
190,33
430,71
260,85
734,90
615,88
971,96
692,40
556,77
727,94
409,72
296,12
258,10
446,41
211,65
598,62
814,48
612,29
153,56
684,22
618,81
390,15
536,85
169,71
891,55
556,81
813,18
118,55
656,53
534,73
587,74
897,22
425,80
815,56
101,57
591,92
844,14
762,43
970,44
606,32
860,60
294,67
375,40
619,46
843,25
321,85
222,37
291,94
576,32
987,79
862,77
378,81
213,79
980,24
896,28
729,94
845,39
402,56
216,86
381,91
428,30
687,81
811,17
261,67
653,45
203,23
806,38
447,52
647,59
974,16
179,61
314,40
137,88
177,47
689,87
579,91
847,64
406,65
299,55
605,64
809,55
698,94
145,22
567,41
578,78
590,13
617,72
137,51
299,97
399,27
303,48
752,22
948,41
657,37
552,34
256,13
152,65
972,43
887,19
372,88
389,85
714,14
794,68
270,89
218,68
741,48
789,86
487,56
455,93
577,59
987,13
654,99
936,35
400,48
947,75
629,20
669,75
162,98
555,71
883,63
543,91
295,98
396,33
213,26
376,11
488,77
913,78
758,40
459,17
793,79
410,78
789,56
728,69
118,41
859,45
707,96
247,76
634,93
266,86
509,97
749,98
452,95
767,73
210,44
685,65
985,32
318,28
605,59
146,64
445,90
543,52
893,56
780,38
539,87
356,27
714,42
273,72
495,49
708,16
393,42
999,76
651,71
425,94
317,90
278,25
401,93
972,65
919,29
941,52
504,35
872,91
522,80
738,62
926,17
904,73
348,39
648,17
742,74
860,34
263,92
505,50
703,25
902,57
226,72
105,74
801,27
887,59
788,89
326,55
695,84
997,91
916,93
393,49
723,10
860,25
296,62
865,73
447,14
614,92
894,73
552,14
195,60
605,75
602,86
807,80
428,59
583,52
215,52
659,38
759,20
378,29
674,81
169,63
332,74
621,19
990,73
400,22
259,70
514,14
153,62
397,97
790,81
123,27
434,86
478,37
977,26
321,78
379,77
974,52
561,27
627,75
264,29
475,96
196,27
416,73
223,38
842,52
716,15
297,93
813,98
581,59
938,47
744,25
728,26
188,24
118,27
401,17
505,42
359,78
249,86
836,56
359,10
516,14
863,37
800,70
819,12
196,43
698,33
144,32
410,10
486,16
505,30
141,69
433,52
832,49
148,88
391,68
545,63
184,15
181,56
340,25
604,80
160,18
611,46
498,44
494,90
932,64
837,49
587,85
510,35
337,15
107,75
230,43
272,18
785,28
577,28
912,66
696,85
214,27
195,79
859,83
914,24
458,55
449,63
792,11
409,71
691,25
544,34
339,58
747,41
257,47
983,91
388,75
409,11
857,27
873,90
771,27
130,18
620,46
780,54
312,22
479,44
126,29
872,55
922,21
575,49
183,32
320,41
418,73
714,54
840,84
662,61
431,34
925,14
497,99
129,36
952,62
385,64
193,14
147,24
943,59
888,53
735,64
326,78
241,16
620,75
844,90
669,21
419,12
381,53
721,43
842,16
193,85
117,53
358,18
970,46
908,40
892,89
727,15
818,98
681,96
739,54
686,13
877,68
782,90
350,95
481,68
435,94
579,12
925,80
662,69
678,10
796,43
173,79
187,17
795,34
799,29
506,65
963,38
999,59
835,25
396,64
846,35
313,48
145,81
278,34
447,86
433,39
190,47
508,84
226,34
711,52
248,80
593,47
922,24
563,15
982,28
898,11
480,95
658,19
454,30
756,26
770,25
494,99
333,84
763,72
112,51
233,92
344,57
332,34
259,24
306,60
471,88
711,42
974,72
916,43
843,18
378,91
380,81
589,35
335,87
527,24
961,36
275,33
669,77
827,43
526,19
450,93
908,49
616,38
932,81
688,22
365,53
684,50
165,81
680,28
930,19
175,87
978,65
544,18
830,34
868,49
325,86
106,80
507,29
868,24
519,81
646,97
325,78
752,24
245,63
376,73
298,79
749,79
535,75
821,54
241,80
369,10
973,47
412,93
609,95
824,43
228,52
964,56
347,61
380,99
986,86
814,97
423,74
236,77
840,55
430,82
930,59
746,45
147,67
465,99
648,62
655,26
702,31
617,60
770,24
264,41
107,34
446,13
999,94
257,67
621,88
293,47
406,33
464,91
972,29
909,65
987,83
699,54
686,38
743,66
637,95
875,12
622,18
342,71
983,43
781,86
373,37
477,73
370,73
184,88
468,15
275,12
533,25
454,14
588,66
541,71
632,69
462,81
137,17
432,28
599,32
715,58
954,26
768,25
149,32
555,53
762,51
779,71
735,28
677,70
873,92
389,30
552,55
487,20
360,60
715,89
380,83
123,48
990,23
716,90
489,99
977,21
224,15
927,36
926,38
965,15
562,28
523,66
400,26
369,75
353,45
818,10
669,14
228,16
588,49
966,23
648,95
221,15
733,93
317,67
619,98
230,52
762,24
192,16
729,21
241,45
990,94
633,45
203,18
446,79
286,62
588,14
996,18
651,35
784,68
383,32
838,81
337,69
469,45
464,30
693,56
493,74
998,87
760,71
313,93
455,30
824,66
526,37
160,46
327,28
746,80
380,33
479,71
187,25
515,12
110,80
973,71
111,57
300,74
528,35
121,29
587,28
179,98
453,80
419,71
219,91
335,51
980,52
889,67
146,80
595,14
280,82
298,57
180,47
611,80
745,38
982,51
137,43
543,86
748,97
274,70
835,35
335,64
673,24
249,56
531,85
465,93
365,39
600,33
135,27
731,71
621,12
784,53
828,80
592,85
194,69
177,19
104,96
110,48
386,44
407,27
249,76
112,45
932,42
305,75
690,33
191,92
856,61
910,87
796,15
118,28
951,83
964,22
777,65
476,42
313,89
153,51
912,74
969,50
144,41
950,89
873,78
447,42
933,91
506,89
245,92
715,91
308,25
174,11
871,43
406,35
906,34
234,27
145,85
441,99
204,87
420,18
600,63
249,21
227,93
115,14
187,41
480,49
757,86
316,15
865,46
838,28
954,89
807,36
671,38
121,54
408,74
666,35
465,39
113,57
568,84
448,33
118,51
618,15
370,51
538,18
498,63
915,16
374,46
685,12
245,32
684,89
257,24
479,43
641,20
303,75
507,10
164,43
877,76
703,36
355,95
867,43
752,33
584,43
220,50
272,45
843,84
342,39
213,63
515,84
680,20
166,16
111,83
765,37
824,83
732,64
863,48
103,33
249,58
410,39
332,63
295,23
846,27
645,73
784,24
186,35
698,99
995,95
781,20
614,62
316,78
265,48
341,57
671,13
610,44
259,20
642,35
918,47
507,95
475,72
585,36
227,65
565,13
595,70
925,34
509,74
503,65
927,42
915,41
765,40
676,80
735,47
870,18
427,35
871,34
373,51
490,12
244,45
867,77
472,49
970,93
722,84
692,16
334,90
890,16
222,83
770,57
450,79
779,47
710,67
939,26
476,13
606,14
884,95
793,46
426,27
333,22
264,15
226,48
614,42
235,68
361,98
855,70
995,38
110,57
388,91
925,42
456,58
391,45
148,36
969,29
192,72
835,52
764,68
964,77
442,70
784,67
569,98
330,44
238,34
835,39
500,43
341,26
676,56
437,56
241,11
397,98
209,20
839,47
509,15
802,96
742,39
711,22
666,95
271,50
245,97
755,86
185,14
457,52
928,99
338,19
540,98
218,26
743,81
689,34
944,27
287,49
447,36
585,17
117,58
963,22
408,28
258,66
810,77
796,81
996,94
203,27
958,99
759,67
845,13
712,39
235,79
415,10
685,67
247,11
567,91
401,58
965,98
552,46
303,31
701,86
901,85
446,49
288,70
605,44
637,82
466,91
570,87
942,30
718,20
571,60
951,50
615,66
913,74
359,20
169,34
251,94
313,74
818,79
636,37
426,55
934,97
143,93
145,46
609,27
896,43
244,89
359,76
324,77
311,19
953,76
368,15
143,61
516,24
892,14
846,99
516,37
852,84
296,90
151,14
242,99
987,83
849,26
219,18
685,20
987,35
617,40
632,71
270,60
112,93
431,33
544,89
549,79
257,29
556,13
479,53
411,25
932,40
559,91
934,50
151,58
732,41
600,16
480,16
673,57
969,92
812,25
392,59
904,91
185,20
889,92
697,11
741,25
859,24
872,70
848,20
496,15
801,30
996,96
568,91
136,81
571,78
288,93
813,97
767,72
448,52
668,95
619,85
110,34
339,64
521,16
953,92
319,81
201,44
448,62
930,18
328,23
254,87
388,57
393,50
882,28
257,64
307,69
241,82
145,55
997,98
729,91
598,82
506,43
582,70
978,30
921,64
957,16
824,89
525,42
872,78
974,95
187,68
507,15
466,56
477,67
587,86
284,90
493,66
342,80
161,95
674,28
430,49
110,18
120,88
245,38
238,30
224,16
176,52
493,56
949,15
138,37
707,82
817,95
826,57
697,92
651,98
390,45
439,25
839,53
241,15
124,65
251,84
721,78
881,12
864,18
354,14
403,60
904,85
807,15
132,55
793,83
728,55
390,41
206,37
969,42
141,40
205,51
977,84
771,63
383,12
579,76
945,16
239,38
181,41
622,57
779,32
118,63
518,95
945,55
692,81
297,73
313,53
565,84
871,70
448,12
608,15
708,34
428,33
362,92
313,62
551,36
354,26
318,50
874,98
857,27
772,91
726,56
861,36
932,50
370,25
521,68
231,59
373,27
298,56
162,42
691,69
930,73
955,86
536,85
292,45
823,70
429,13
743,28
756,14
791,70
615,45
946,11
554,71
712,32
270,69
405,51
616,57
351,97
554,38
234,78
826,82
371,38
122,51
896,74
101,98
490,28
975,98
787,27
391,73
834,64
602,27
686,14
936,39
319,55
290,49
234,64
457,73
231,21
334,23
151,46
205,26
549,91
329,16
299,52
434,16
656,78
519,55
896,33
193,77
925,35
603,33
899,43
840,60
596,53
303,13
255,18
131,31
977,56
462,62
111,92
669,41
742,74
915,96
725,55
192,82
937,45
625,48
478,33
832,51
239,90
812,49
849,70
756,28
597,37
147,82
876,53
576,73
551,40
157,62
482,79
402,17
108,67
737,14
495,62
830,74
114,93
428,25
489,48
525,90
805,59
801,46
523,43
608,80
778,72
707,19
961,73
144,85
292,10
961,63
941,52
888,51
949,33
565,17
955,66
262,24
869,55
262,87
712,99
449,28
720,23
897,45
319,51
617,22
572,46
330,66
897,56
816,75
678,16
886,55
425,76
377,91
303,98
717,94
579,44
181,26
376,76
628,41
666,44
508,44
196,89
949,46
988,70
540,69
751,16
119,69
706,33
259,80
403,99
242,48
370,85
589,88
618,28
342,29
948,67
627,77
342,46
906,98
360,33
659,95
982,42
388,18
493,10
964,81
212,88
113,95
314,94
514,76
732,52
825,41
749,29
284,43
886,99
588,95
481,36
381,36
835,67
449,79
514,19
351,64
342,83
315,95
514,66
309,94
900,83
748,58
589,87
127,55
486,22
755,48
566,13
580,13
228,34
928,18
714,78
402,92
287,54
428,67
998,87
295,16
451,23
854,24
854,41
991,83
991,34
700,79
206,74
593,78
242,71
976,33
545,88
889,58
507,86
940,59
281,48
312,70
610,72
512,93
450,15
246,96
935,89
604,34
424,94
201,45
745,37
660,93
570,50
670,30
906,10
467,16
380,43
437,42
124,28
854,24
809,89
644,51
719,61
764,63
937,87
306,72
776,88
534,40
569,25
825,33
306,18
935,94
245,58
778,76
288,66
207,10
171,95
659,55
399,33
794,88
430,83
429,82
188,70
134,77
367,86
169,18
900,95
515,36
285,56
754,41
747,88
156,87
442,98
178,83
831,68
608,45
754,52
725,97
678,72
820,54
625,53
696,31
153,15
208,57
843,21
265,46
273,13
799,89
961,88
916,33
265,23
860,45
761,14
760,77
137,36
269,49
701,35
870,46
262,61
731,58
814,69
423,76
497,88
729,36
916,50
907,78
874,21
922,17
840,16
385,55
118,41
488,86
556,19
384,22
909,89
808,53
503,52
174,35
127,77
389,70
133,88
869,37
546,98
694,93
449,69
450,31
221,85
710,14
579,97
949,79
328,40
997,58
641,10
128,52
914,29
242,84
582,72
255,94
332,96
377,42
172,91
511,87
849,33
679,97
106,49
527,72
276,46
953,49
879,39
458,80
816,70
362,73
613,69
955,91
459,23
988,28
725,53
431,92
369,57
400,63
979,32
432,52
666,99
993,30
913,81
560,40
703,66
833,40
161,61
672,61
335,93
444,79
888,72
477,75
535,45
755,96
481,14
129,24
884,37
405,81
853,65
617,13
784,61
723,33
725,86
136,11
982,14
325,17
973,92
118,61
472,44
223,76
877,33
453,19
599,63
755,73
473,28
243,92
310,89
266,83
884,28
133,64
290,88
292,74
393,19
999,51
812,84
646,29
738,19
292,37
899,67
822,89
627,67
755,99
280,94
988,30
891,25
532,45
174,79
140,79
566,46
193,72
388,43
788,89
697,36
972,78
747,65
782,24
564,39
199,39
628,16
709,52
565,35
598,24
561,44
518,14
234,43
130,59
344,31
945,93
396,95
282,71
319,72
841,78
438,42
603,33
841,95
856,43
746,14
655,83
950,30
528,53
561,59
884,28
776,64
754,96
613,34
676,95
343,14
633,84
411,80
678,32
333,34
515,41
331,45
407,44
512,51
227,30
990,34
600,25
754,14
417,96
429,17
225,86
745,16
861,99
491,19
989,79
167,48
717,76
817,74
527,30
512,90
305,75
195,43
507,19
976,47
206,15
241,44
501,78
406,35
270,99
352,20
742,13
186,88
577,62
569,58
223,29
716,78
720,82
236,77
782,62
766,29
147,73
844,74
588,21
785,84
765,50
126,93
622,11
922,50
627,72
724,61
532,68
801,16
774,34
511,78
469,88
541,43
112,73
918,55
345,90
676,86
273,34
370,42
523,32
622,88
514,84
422,85
236,86
877,81
758,72
683,57
824,68
211,67
352,39
284,47
720,55
530,92
867,82
263,30
152,66
622,84
491,26
149,88
671,89
130,85
917,73
898,94
878,26
959,51
309,56
315,58
859,59
272,20
829,45
446,20
869,64
961,16
737,93
722,86
508,14
887,88
721,77
599,52
963,62
955,62
150,44
715,93
331,32
679,22
511,52
985,45
935,94
384,73
535,94
939,31
418,69
380,19
363,54
675,72
358,81
711,41
778,96
987,18
881,39
204,98
575,86
425,91
201,10
575,17
100,91
412,36
938,57
607,43
763,84
974,39
780,30
594,47
450,57
767,78
914,31
700,61
414,94
258,49
992,69
429,63
300,66
758,60
550,41
819,86
176,20
194,46
288,54
450,10
779,31
291,20
247,57
377,23
205,64
252,19
373,86
563,92
897,14
898,58
801,64
397,82
240,75
978,34
338,15
437,55
897,88
123,20
612,73
533,80
416,75
861,51
582,92
191,47
954,17
880,64
461,99
965,94
952,27
231,37
366,37
222,49
783,50
226,44
530,93
365,77
381,39
949,67
762,64
830,33
574,76
864,59
111,77
954,53
948,18
710,17
850,49
266,29
344,43
556,50
832,89
730,70
770,73
114,62
202,21
418,58
813,26
901,86
498,22
439,56
504,59
792,98
361,64
845,18
121,68
318,97
148,63
937,85
896,23
749,81
263,93
490,83
478,79
528,30
535,15
534,78
175,94
936,24
825,87
909,13
443,73
859,96
814,62
438,45
896,44
945,66
277,82
327,18
862,59
433,27
923,94
512,20
386,75
556,25
264,22
296,25
629,68
488,53
424,30
910,61
764,45
968,39
689,60
439,79
863,14
241,60
531,50
384,94
450,26
335,15
253,22
982,96
373,61
794,11
496,12
338,37
669,44
601,39
827,45
384,25
888,43
297,80
364,28
225,53
865,62
181,32
583,33
771,21
383,90
713,76
555,32
899,18
483,81
346,33
207,18
183,20
161,50
958,54
107,71
831,14
735,67
435,49
103,18
486,13
227,34
461,36
142,91
947,35
552,16
865,59
456,48
982,28
979,78
529,74
848,29
632,70
320,71
558,48
658,57
539,27
355,44
233,85
384,22
892,67
318,38
632,27
640,94
684,63
320,27
275,65
613,70
594,48
317,60
406,22
723,86
787,39
389,92
777,85
833,19
317,48
942,66
493,54
343,49
328,40
666,81
774,30
150,93
398,82
788,32
646,66
105,85
474,46
863,65
684,47
280,38
221,86
930,42
582,50
297,72
533,32
155,20
380,31
866,19
714,94
682,53
855,41
259,36
988,89
340,18
999,18
974,87
137,37
388,47
685,98
223,88
138,13
349,79
666,98
262,76
569,78
973,42
167,24
832,17
518,43
151,55
333,88
466,11
938,87
148,76
810,59
277,35
845,26
755,12
484,71
245,41
722,20
480,41
677,62
827,33
625,18
559,78
539,80
304,18
262,20
244,24
120,37
696,34
130,60
230,24
972,24
831,82
686,60
905,27
806,84
154,49
550,18
853,14
709,18
710,78
290,29
279,18
308,64
656,88
830,52
952,81
358,87
935,51
884,26
848,44
895,75
255,88
951,43
610,43
352,26
677,51
302,22
335,96
921,87
990,36
181,75
220,28
231,23
558,71
288,67
825,96
594,23
683,54
370,88
678,71
876,88
944,84
806,92
578,88
888,87
814,97
885,12
151,87
595,25
130,24
910,33
623,71
832,22
696,57
849,15
200,82
867,54
376,68
857,15
777,26
762,99
319,59
699,31
808,45
255,42
386,92
684,12
354,33
632,11
146,56
638,27
976,19
770,27
839,45
396,37
935,15
290,42
443,99
877,37
399,73
812,25
447,71
485,81
665,94
287,19
564,46
931,99
598,97
471,86
283,44
280,26
151,43
914,33
805,38
915,40
937,47
569,64
255,64
121,79
882,19
382,59
646,96
499,42
915,21
533,99
251,65
932,13
589,43
644,62
187,41
345,43
749,69
111,89
894,27
927,47
153,86
433,62
803,93
316,26
461,18
958,41
122,23
418,15
283,91
721,79
626,94
195,88
924,68
873,54
930,69
529,15
589,88
718,69
730,99
913,52
154,47
583,16
390,67
416,33
624,16
365,90
352,11
672,29
132,87
510,35
718,27
906,53
407,50
496,16
805,44
320,89
107,36
262,70
214,79
467,63
863,19
336,43
652,76
290,98
800,32
592,25
338,61
807,40
904,26
539,43
814,55
196,68
862,27
670,47
102,13
274,28
809,17
339,48
566,89
714,23
210,54
518,41
415,12
513,79
203,48
917,19
361,18
159,68
445,22
496,89
333,52
338,81
791,64
228,65
664,57
336,67
859,92
580,15
383,70
352,34
814,98
197,84
283,84
781,80
606,69
504,71
975,54
475,53
819,54
426,11
600,12
481,73
337,75
398,59
660,76
998,10
477,89
761,67
826,82
929,68
322,74
654,81
856,24
990,34
267,56
168,34
692,85
505,91
660,33
798,54
327,39
904,73
954,28
499,18
247,99
465,65
249,37
966,82
832,58
308,85
271,75
221,13
906,34
674,40
247,56
858,70
531,84
434,74
650,79
802,46
328,53
680,33
665,47
295,20
851,51
344,18
232,15
230,81
600,11
694,45
133,64
178,44
377,30
957,24
785,84
356,20
603,17
176,18
261,93
237,28
828,34
923,80
148,13
440,28
688,34
315,78
446,19
830,79
595,54
723,35
685,83
227,47
628,92
807,63
299,37
205,77
316,29
396,56
166,20
688,13
176,72
997,37
261,81
251,59
903,43
625,75
186,55
734,88
387,14
385,17
764,96
195,88
164,65
899,34
701,84
838,54
373,80
446,60
734,55
887,88
544,68
301,26
173,40
220,51
694,43
509,50
176,15
247,48
662,26
170,46
926,13
369,85
167,83
755,52
503,37
584,55
881,66
494,50
714,49
173,81
725,79
423,27
770,86
294,72
669,27
236,96
286,24
797,42
220,32
362,54
152,94
730,79
323,30
981,97
804,59
867,12
323,38
855,74
385,86
665,33
844,58
801,75
770,45
677,75
914,59
801,68
266,83
915,15
873,38
974,55
103,24
878,50
251,83
834,95
179,94
434,86
205,67
559,68
749,73
505,83
784,29
719,18
457,26
242,51
142,22
398,90
245,69
351,53
140,79
167,25
793,42
818,59
739,97
220,90
441,17
349,98
793,77
127,77
739,36
819,26
272,69
805,40
857,29
697,66
640,59
735,76
542,53
313,43
782,36
741,29
121,91
844,88
563,40
929,78
931,67
564,80
890,43
273,61
392,82
372,67
583,47
133,40
235,89
985,76
881,39
999,35
980,39
786,42
824,29
352,98
271,69
633,12
414,95
385,23
765,69
286,88
224,58
665,54
777,30
905,95
909,18
642,66
355,69
573,83
736,18
996,18
558,53
548,76
600,83
985,87
757,27
180,62
690,54
255,72
259,94
823,49
472,88
374,67
918,57
378,35
756,92
176,65
347,38
643,38
943,94
274,84
163,71
764,69
849,53
112,35
923,17
895,10
355,16
675,92
609,68
465,50
942,43
834,28
443,26
955,87
321,68
343,62
556,50
492,56
829,59
540,78
521,93
918,67
462,88
148,10
843,24
366,57
689,53
193,50
535,92
576,47
590,41
149,39
111,62
248,80
825,12
598,91
219,36
613,40
394,88
476,94
134,78
287,16
602,61
629,87
422,64
829,67
668,25
236,39
124,62
482,34
806,84
397,78
482,33
636,36
872,33
914,80
457,63
165,21
583,14
696,98
169,43
861,35
569,41
705,98
112,65
468,47
703,40
638,57
890,64
621,21
877,23
841,76
881,30
507,70
628,31
481,45
646,27
163,42
454,88
991,77
932,60
523,36
175,48
535,49
232,51
103,68
391,32
530,50
249,71
275,10
894,97
994,36
564,23
937,33
664,10
879,99
184,84
934,75
836,38
585,58
359,83
432,16
220,72
139,48
366,92
622,19
812,31
627,81
293,92
514,98
849,21
545,43
249,25
446,51
210,82
117,96
260,40
657,34
492,13
157,15
831,48
925,13
161,75
971,42
939,88
272,38
889,39
529,91
899,26
379,47
249,89
910,69
721,69
764,87
347,87
939,99
530,71
852,52
121,47
203,97
901,23
228,98
804,82
877,40
821,42
353,70
293,61
723,46
362,31
871,16
608,64
122,51
970,63
861,23
115,36
140,72
296,70
842,50
684,57
493,27
964,45
577,60
180,17
769,84
569,82
896,67
871,58
981,71
502,87
450,27
530,14
107,51
115,69
910,34
287,56
429,52
703,40
117,27
452,38
920,35
213,13
987,35
965,47
341,54
406,59
149,18
482,70
645,75
599,20
964,56
521,22
124,20
513,34
347,55
911,45
943,73
766,65
136,89
214,52
948,35
514,72
793,40
479,66
729,96
694,67
409,25
327,48
249,28
338,38
873,62
727,41
382,17
345,82
625,51
721,73
248,42
449,73
422,58
154,69
756,42
216,24
329,57
985,20
802,50
770,47
591,34
555,94
950,22
418,97
630,19
854,62
270,82
268,89
606,43
853,59
541,80
703,90
980,68
744,59
984,23
633,15
642,86
339,60
368,97
550,24
929,31
600,21
113,86
426,82
106,95
691,85
928,88
273,47
597,48
369,11
391,84
508,82
200,95
151,64
345,68
413,32
758,34
514,58
880,54
391,28
629,16
483,36
938,17
677,14
975,65
172,40
812,74
625,71
815,91
837,32
210,52
990,16
935,49
481,99
933,85
516,78
671,18
332,94
652,98
994,86
605,17
784,55
338,41
943,76
911,52
121,68
860,61
806,69
905,77
659,95
237,60
448,27
946,39
896,66
102,38
958,15
109,86
591,93
476,31
246,14
253,47
378,92
293,61
707,27
346,35
301,40
952,19
728,93
696,75
992,36
141,82
572,61
287,32
921,85
798,95
529,16
806,79
351,33
364,15
409,73
138,14
966,26
429,68
698,89
628,92
557,95
300,46
236,15
381,72
562,73
474,97
997,69
982,24
189,48
482,21
198,39
180,75
239,51
493,41
223,46
269,88
839,37
891,77
982,73
472,68
385,29
804,35
481,89
875,76
786,90
589,59
150,35
695,72
959,23
131,91
538,90
322,89
341,27
608,59
646,55
897,76
339,17
164,62
768,71
422,14
490,61
919,38
582,42
832,18
979,45
340,75
752,41
742,49
612,45
626,48
504,48
815,15
944,92
673,89
864,65
305,54
445,78
139,84
176,34
699,62
315,91
652,50
404,82
829,43
575,65
434,42
426,93
234,29
106,32
922,31
549,66
458,76
940,64
512,96
952,75
288,82
555,11
485,79
288,99
374,90
518,40
154,80
665,20
964,70
290,29
196,49
566,21
581,42
998,53
372,54
497,80
122,63
895,65
663,40
353,97
605,64
455,49
951,94
142,47
753,64
688,47
749,20
168,21
795,11
419,93
129,51
665,45
235,67
207,95
747,91
486,74
526,75
519,48
698,52
843,10
568,42
288,22
268,63
982,92
180,17
903,38
668,88
134,50
223,95
245,40
658,77
109,59
784,89
622,23
902,13
573,64
799,17
201,44
904,55
120,38
203,93
435,48
187,47
736,53
587,25
808,87
877,54
110,25
927,68
257,18
902,97
519,57
502,12
340,87
744,64
445,68
622,69
112,65
259,31
477,85
782,82
442,45
930,78
275,38
996,75
909,71
321,28
464,76
899,64
123,24
548,60
878,87
626,32
514,35
187,44
833,89
559,88
351,31
293,96
523,86
638,59
896,56
255,26
187,43
461,82
199,79
311,61
510,86
532,27
237,46
894,79
327,13
401,90
558,97
366,83
928,78
403,87
115,56
890,22
533,99
851,51
122,70
167,19
261,17
441,24
351,32
587,48
326,58
486,75
529,73
562,73
268,71
828,86
568,57
829,59
981,92
895,74
158,25
792,87
684,96
775,66
361,11
609,19
702,65
483,77
549,21
842,32
412,57
433,98
555,99
123,37
829,95
885,33
926,13
388,36
498,26
231,30
582,45
987,32
553,50
293,89
628,21
300,43
239,84
130,51
153,69
597,99
501,64
491,48
139,70
399,27
136,51
472,57
556,61
226,62
864,63
516,47
252,36
364,54
483,65
948,59
559,27
991,31
442,63
116,77
326,43
604,54
857,10
158,51
226,77
453,99
415,85
226,19
792,29
901,62
122,15
901,18
216,22
808,49
681,11
663,91
494,77
772,63
845,70
335,87
671,48
849,43
913,85
895,47
220,10
837,70
522,53
636,15
198,40
913,38
963,93
249,38
543,35
477,93
288,48
811,58
544,72
324,23
736,77
402,92
404,71
680,33
992,32
179,86
727,61
350,92
577,35
529,90
416,37
687,32
446,54
455,72
669,33
145,92
677,89
632,25
292,24
105,70
236,87
456,44
964,29
928,42
636,24
249,13
787,18
425,32
226,31
390,47
192,44
325,70
589,98
310,83
473,58
811,49
134,89
584,24
890,14
309,47
494,50
784,33
827,75
355,96
728,47
503,57
683,75
191,53
578,60
469,58
777,16
741,99
314,38
849,77
223,83
722,65
776,55
730,11
196,45
616,56
311,15
557,22
585,46
591,55
524,14
287,10
136,67
494,65
504,83
823,14
611,64
905,97
524,85
837,32
834,11
736,14
432,58
581,38
460,23
673,21
578,76
935,94
680,37
107,35
112,16
979,91
691,70
594,18
334,38
920,55
245,18
630,45
648,83
126,20
312,20
440,40
311,10
965,78
918,78
751,42
923,91
799,89
968,38
676,93
949,92
255,24
903,13
154,83
735,42
407,42
102,15
186,20
629,74
550,44
661,39
292,18
899,79
719,64
613,13
341,12
210,21
154,99
361,16
375,51
576,34
427,77
960,96
362,51
382,31
982,92
539,17
972,78
129,71
483,37
713,88
331,97
392,37
339,63
674,40
820,19
268,81
705,79
714,10
294,96
916,29
408,49
815,76
801,36
209,87
152,46
760,36
561,17
247,12
462,98
992,88
651,59
720,63
419,20
402,71
666,33
404,46
164,36
628,57
688,81
758,10
952,32
782,49
221,73
568,97
103,42
673,85
259,33
333,45
298,11
369,80
564,45
758,58
276,44
398,69
564,34
149,22
359,28
810,88
365,76
692,51
685,95
236,40
135,18
191,37
869,75
904,11
978,35
374,78
636,87
421,54
168,69
549,15
581,96
376,61
504,32
760,55
783,46
515,55
925,56
740,67
540,34
261,84
341,24
417,31
212,45
141,75
585,79
788,34
520,69
891,31
142,89
331,39
265,17
751,97
630,16
635,79
181,17
172,55
551,30
107,63
686,39
408,37
732,71
782,84
815,55
173,61
158,22
233,43
553,30
417,27
821,57
707,88
434,98
581,53
175,54
734,17
578,44
830,34
599,65
192,81
693,54
972,80
886,46
947,96
291,84
315,55
832,45
903,60
580,59
236,96
354,49
313,89
343,95
603,34
668,64
191,39
349,40
424,99
148,62
146,65
396,26
371,45
107,23
377,11
562,21
745,79
136,10
569,12
272,46
947,30
243,42
712,57
394,49
552,24
444,54
454,70
967,72
742,12
108,13
600,31
227,99
754,16
708,24
546,61
552,43
577,44
711,18
372,86
401,70
656,98
930,89
500,95
573,61
577,61
570,50
645,92
948,68
626,61
932,86
790,63
899,17
544,22
538,60
742,68
959,80
137,82
696,32
191,98
825,11
786,20
968,87
129,87
562,81
771,39
876,13
140,74
539,42
537,12
833,57
465,82
956,17
129,42
948,63
299,93
317,41
625,88
837,81
509,25
612,71
514,51
945,80
602,55
605,57
924,73
854,41
815,93
671,48
295,36
703,88
247,54
579,29
498,71
736,65
528,73
334,84
985,39
278,44
122,67
867,22
268,53
660,34
593,22
859,79
324,72
420,59
260,19
742,32
819,89
475,11
836,54
233,74
522,91
739,75
688,47
669,80
313,78
465,85
247,11
464,74
637,69
647,84
291,80
815,84
822,30
158,64
362,24
917,41
909,75
626,20
233,73
998,43
912,90
870,88
626,26
449,40
918,59
110,20
373,21
707,12
109,34
990,10
997,91
683,67
141,58
207,48
799,14
566,45
909,53
653,40
205,56
309,69
175,12
135,71
305,76
451,37
439,39
670,91
771,21
955,70
424,75
656,92
110,32
382,62
903,81
871,96
314,40
694,44
135,36
608,60
335,98
614,79
543,38
672,97
327,63
686,70
310,21
200,95
507,77
929,42
494,12
492,58
621,16
372,86
852,82
811,22
113,90
647,46
680,78
530,45
415,64
990,50
557,70
458,66
778,48
264,28
769,74
324,84
809,68
500,76
352,99
540,63
863,24
549,37
763,86
357,46
951,17
676,79
279,54
244,99
912,11
763,64
292,72
290,93
285,72
445,76
728,73
484,62
166,80
919,87
604,86
722,34
951,70
868,96
150,30
945,52
839,14
322,22
617,37
537,14
839,11
954,64
964,25
134,61
907,18
193,37
883,55
313,65
143,58
918,84
996,62
109,86
138,58
300,10
837,10
679,71
644,77
709,77
217,84
232,40
457,70
124,23
163,53
762,59
922,73
788,90
944,40
574,81
706,59
864,44
703,26
583,65
140,83
143,54
148,60
985,61
647,45
631,10
766,78
997,73
602,53
490,28
168,39
228,14
507,58
100,17
709,41
950,63
347,78
968,52
595,96
961,57
348,38
804,32
244,29
591,92
473,31
789,44
290,21
158,53
982,77
722,13
785,81
773,85
643,18
675,95
941,58
228,95
527,42
108,73
937,50
532,19
970,94
910,22
179,79
635,50
115,64
389,40
493,51
803,94
453,68
333,95
743,97
474,89
497,29
797,45
598,92
614,14
965,84
399,60
684,53
985,46
906,28
803,20
133,56
422,45
120,71
923,58
218,95
851,39
763,15
248,23
515,94
515,48
652,13
162,18
850,15
166,50
337,32
911,18
696,99
275,61
811,52
668,50
323,50
690,18
172,97
821,65
591,34
108,96
968,67
582,76
844,17
152,17
545,73
781,25
422,28
856,57
104,24
652,78
138,48
435,69
534,92
536,28
360,51
268,99
696,92
792,59
880,63
775,11
418,13
104,76
506,50
554,41
432,45
891,24
825,70
286,20
196,78
441,61
706,71
186,40
677,32
351,12
263,92
648,23
489,79
825,35
572,96
150,12
768,31
681,70
303,39
633,91
405,66
409,46
898,74
906,16
703,48
304,19
799,42
547,85
208,79
363,66
735,99
315,17
728,40
581,66
837,40
204,49
300,97
677,86
850,50
360,52
762,76
544,89
142,30
788,15
940,84
482,24
122,95
512,79
763,75
590,51
872,84
864,40
178,97
204,15
261,34
735,61
551,48
212,58
356,49
389,88
615,87
635,11
947,86
409,71
641,38
709,79
930,24
521,31
109,28
788,34
886,22
572,70
282,96
900,39
544,46
294,27
376,89
180,26
764,83
434,93
550,67
944,31
496,68
726,77
486,63
540,88
418,47
635,32
511,40
252,37
211,51
944,21
231,40
776,76
412,80
164,25
562,60
979,71
862,23
991,27
936,86
378,30
193,56
188,60
676,50
981,93
708,34
796,50
561,16
323,82
994,31
448,92
815,50
412,53
450,72
172,93
404,56
525,14
946,51
727,25
352,24
188,41
458,42
492,81
965,13
751,69
912,72
726,41
390,71
941,54
731,80
443,10
372,86
242,68
202,25
437,11
235,52
683,64
323,20
989,34
230,61
194,77
546,19
566,26
220,92
962,27
267,14
424,28
102,39
837,95
756,38
574,21
829,70
797,58
510,76
131,54
658,65
477,24
191,32
736,53
443,42
875,37
573,65
364,25
644,34
802,50
661,78
155,94
805,10
765,39
406,82
571,53
942,84
423,54
793,69
642,98
861,33
841,72
338,57
953,54
725,24
710,42
306,34
250,27
165,25
303,24
428,84
597,91
173,54
679,76
537,39
736,46
818,58
319,12
333,79
417,34
456,84
559,15
601,47
159,58
539,67
230,88
849,41
429,66
846,44
561,55
411,75
322,28
114,81
580,62
372,96
816,79
273,37
485,10
174,95
232,82
440,95
952,37
896,88
939,32
929,12
666,50
496,36
718,82
459,25
360,33
577,25
238,28
922,54
672,40
789,46
774,52
258,58
338,76
619,65
460,56
116,44
465,69
998,80
871,24
326,37
302,34
898,53
144,94
337,37
765,39
929,31
922,55
102,38
817,11
590,79
509,28
938,34
130,30
527,42
846,11
802,56
989,16
724,13
886,57
484,91
332,46
191,77
666,43
544,90
292,50
382,11
991,91
811,90
511,15
268,43
223,97
107,68
423,54
292,36
338,96
184,85
979,11
686,35
241,29
436,28
570,18
295,23
386,65
875,31
238,86
787,80
149,81
656,30
485,58
753,93
355,93
481,88
963,38
879,58
840,61
501,43
436,70
528,18
863,96
469,44
680,59
133,46
686,35
222,19
299,47
849,60
383,15
863,14
105,15
291,46
323,47
373,65
177,17
166,17
728,53
869,30
929,70
594,90
496,71
754,82
485,85
274,62
242,19
961,46
378,97
624,14
471,45
178,39
380,58
817,65
288,69
979,91
574,25
227,35
266,48
112,75
613,95
678,24
132,55
470,17
564,50
529,20
936,51
432,81
298,97
737,78
613,96
367,49
913,99
359,50
438,54
761,68
926,61
516,88
454,52
667,80
967,93
416,84
619,88
872,28
303,86
974,98
429,67
558,14
616,63
218,70
563,72
226,60
118,25
231,68
998,32
131,36
662,85
292,85
880,26
630,83
424,95
743,81
657,87
107,93
912,45
408,40
617,86
305,24
508,25
628,98
372,23
744,72
553,97
735,96
577,60
696,78
133,63
483,13
120,30
457,65
368,23
883,94
172,23
627,48
602,30
144,11
227,14
480,72
346,29
788,11
485,17
876,72
950,21
558,86
257,23
422,43
764,12
406,71
158,14
172,92
305,57
864,70
776,19
395,60
660,18
695,72
442,51
280,25
614,20
937,38
547,51
155,72
868,20
276,60
463,34
730,21
257,81
678,35
845,54
748,87
726,99
220,59
501,87
518,50
297,26
434,20
289,64
264,47
589,12
432,74
901,61
257,27
199,95
506,75
232,85
164,17
823,47
303,89
860,33
906,12
727,92
908,73
310,46
847,77
932,34
543,50
169,21
812,78
954,87
455,45
589,24
771,80
867,69
482,53
908,71
303,17
683,26
776,54
312,36
427,24
386,25
989,36
223,50
920,66
577,38
198,86
374,16
409,81
592,32
777,57
240,46
555,19
831,16
214,26
532,17
486,34
382,32
246,74
730,38
515,12
415,32
999,70
363,93
860,38
948,47
124,91
602,66
186,16
702,91
343,44
455,18
625,71
863,41
761,48
412,28
187,90
967,49
305,30
884,68
219,78
827,67
710,48
836,16
425,56
247,59
580,35
961,46
653,55
242,31
109,75
357,34
523,65
563,55
123,88
242,50
867,10
680,81
210,13
629,61
624,27
331,46
717,24
577,99
709,70
269,86
995,34
740,81
373,33
766,96
372,22
331,53
196,53
795,34
189,53
610,48
255,95
970,75
999,64
730,43
791,96
165,81
562,23
265,96
911,12
802,23
294,69
979,44
656,96
558,69
175,53
709,41
950,50
415,17
631,17
381,99
591,91
899,60
559,80
331,78
534,36
735,73
416,34
454,49
956,25
381,98
559,81
684,89
927,93
401,29
492,83
437,75
448,87
451,24
258,23
800,57
571,98
416,36
346,56
330,22
115,75
563,66
258,16
577,95
139,80
707,34
874,67
779,67
897,67
143,74
967,88
209,56
506,35
994,33
563,79
421,17
404,59
685,27
936,55
756,83
946,19
776,39
456,39
392,80
833,41
454,83
325,67
227,91
625,62
491,44
397,68
549,79
893,40
698,83
504,79
623,86
444,70
824,87
422,65
209,98
115,99
380,95
622,53
519,58
832,11
969,27
195,68
819,73
715,35
537,91
183,93
294,73
966,13
617,70
335,88
797,90
583,69
511,92
174,53
118,19
298,90
456,85
678,91
818,78
363,27
811,38
240,20
593,19
954,80
388,94
916,83
215,16
437,56
862,69
363,66
686,30
375,53
493,52
687,93
214,18
512,60
636,93
141,61
731,73
389,77
327,99
424,91
746,52
998,96
737,16
193,65
562,70
344,35
875,72
573,35
615,82
533,54
461,81
790,64
409,70
695,67
199,35
213,11
373,71
475,71
638,60
293,75
166,37
782,10
713,68
867,19
725,75
439,10
691,49
993,73
115,30
827,61
657,93
429,82
316,53
146,79
933,18
354,26
837,38
167,31
231,22
372,62
793,76
815,34
198,40
585,26
307,81
593,94
108,40
844,85
384,29
246,61
932,81
785,99
589,83
783,71
704,46
133,91
313,47
847,57
597,64
924,38
790,92
315,67
749,16
931,89
460,93
294,92
414,16
345,62
938,22
197,50
574,12
398,37
350,53
280,59
651,13
558,18
720,59
997,29
884,34
278,83
954,73
789,43
413,57
755,51
657,31
989,44
209,97
564,13
553,51
225,84
988,35
772,11
931,56
189,15
119,97
991,93
515,61
714,60
379,87
711,30
946,18
533,60
644,40
403,14
758,89
190,70
348,94
831,99
132,80
328,96
865,68
834,32
341,17
397,44
948,47
161,90
611,86
496,69
895,64
361,39
688,25
895,13
142,92
841,38
240,54
295,29
459,66
985,57
802,85
411,95
354,19
706,41
880,31
771,22
648,60
580,15
190,29
206,71
425,29
555,20
172,20
968,77
607,79
318,49
630,54
148,28
990,21
354,14
362,57
550,22
287,77
737,35
422,15
923,57
159,17
586,78
388,87
931,51
971,13
854,39
248,51
776,76
697,71
378,73
434,64
711,75
394,69
726,15
201,88
890,23
955,98
966,59
836,29
302,84
157,30
757,10
973,96
590,25
773,13
696,10
417,51
154,21
215,76
756,64
489,28
648,71
452,18
805,97
655,17
964,71
184,64
684,29
367,52
571,57
861,56
595,45
443,36
804,20
629,35
944,30
853,61
597,80
168,34
914,94
642,85
424,67
701,95
322,25
840,58
736,66
240,48
887,84
162,42
598,76
502,74
915,11
565,57
330,45
711,70
927,98
746,30
426,26
382,97
427,22
906,50
674,68
794,65
501,81
514,24
659,62
834,75
886,50
734,43
548,73
948,19
747,24
445,35
152,69
699,83
584,57
230,83
641,64
313,99
337,21
231,76
885,64
353,62
713,67
354,74
976,62
965,62
892,61
770,94
233,42
731,77
520,67
927,86
768,89
777,93
581,80
157,73
321,27
449,62
274,64
226,93
973,93
560,15
963,95
541,20
481,89
973,91
899,92
727,50
579,15
727,73
620,29
626,25
228,72
302,39
351,76
428,44
974,95
167,98
174,57
218,62
499,90
942,28
982,87
913,49
395,82
763,94
759,94
403,96
874,42
427,54
921,19
970,21
569,47
448,17
193,40
144,93
233,48
455,41
425,12
371,97
349,47
230,95
863,34
147,90
546,62
976,97
826,15
784,52
618,23
668,96
979,62
943,43
106,90
156,56
901,80
809,98
583,61
418,92
643,98
162,77
318,51
921,27
861,67
447,40
286,26
577,98
913,68
158,85
820,30
678,84
426,14
173,60
284,41
463,57
598,43
793,20
496,16
838,35
987,54
489,99
623,98
514,71
478,31
705,59
431,59
887,78
355,42
222,30
666,14
855,11
954,71
999,21
132,77
199,68
197,82
139,64
254,45
919,35
919,94
275,88
452,39
741,67
831,12
485,34
492,47
625,22
123,82
253,56
301,82
962,50
931,83
102,38
425,92
726,48
975,83
520,74
869,42
659,68
777,81
472,64
301,14
955,34
254,93
674,10
198,62
858,81
525,37
492,35
681,48
575,96
400,15
270,15
573,66
527,19
639,73
302,40
508,97
547,58
386,20
567,42
927,78
564,94
136,39
117,35
273,30
887,46
950,94
595,41
517,20
318,40
542,95
491,17
230,83
857,52
344,81
312,44
613,29
994,11
318,14
678,42
499,68
541,44
637,19
286,55
741,80
923,23
316,13
683,45
105,68
130,79
272,51
108,78
398,27
975,27
394,26
736,58
516,43
372,26
437,71
749,65
460,27
620,50
428,19
131,94
689,60
337,63
962,66
168,13
165,73
362,40
817,75
828,52
665,95
383,70
702,63
559,36
774,70
903,57
450,22
708,55
442,18
285,85
217,39
270,13
628,51
437,84
508,11
105,43
757,36
474,64
223,55
974,76
578,42
410,70
856,45
369,32
983,99
450,21
741,96
910,81
596,33
368,20
261,32
969,97
439,92
411,50
986,61
222,44
993,42
368,33
128,69
808,51
171,50
565,90
879,31
962,65
482,35
998,62
441,26
103,69
389,57
652,65
696,73
627,94
127,28
572,68
364,46
329,45
592,62
677,71
975,91
384,92
608,22
869,25
260,11
194,86
345,47
161,29
245,46
128,27
848,29
350,40
169,25
842,50
838,94
257,80
932,17
285,29
883,53
287,82
469,56
372,51
412,42
743,40
389,87
